19-19-19-1kg,WSF,120,120.00,
AAKARSHAN FOR CUCURBIT,OTHER,92,92.00,
ABIC-1KG,FUNGICIDE,375,375.00,
ABIC-250G,FUNGICIDE,99,99.00,
ABIC-500G,FUNGICIDE,213,213.00,
ACORELI-1KG,FUNGICIDE,575,575.00,
ACORELI-250G,FUNGICIDE,154,154.00,
ACORELI-500G,FUNGICIDE,296,296.00,
ACTARA-100G,INCESTCIDE,198,198.00,
ACTARA-5G,INCESTCIDE,10.5,10.50,
ADMIRE-16G,INCESTCIDE,231.09,231.09,
AGADI SC-100ML,INCESTCIDE,108,108.00,
AGADISC-250ML,INCESTCIDE,238,238.00,
AGADISC-500ML,INCESTCIDE,461,461.00,
AGADISC-1L,INCESTCIDE,890,890.00,
AGAS-25G,INCESTCIDE,67,67.00,
AGAS-500G,INCESTCIDE,1139,1139.00,
AGAS-250G,INCESTCIDE,587,587.00,
AGIL-100ML,HERBICIDE,204,204.00,
AGIL-250ML,HERBICIDE,490,490.00,
AGRIMEC-250ML,INCESTCIDE,1344,1344.00,
AGRIPRO-100G,MICRONUTRIENT,100,100.00,
AGRIPRO-250G,MICRONUTRIENT,232,232.00,
AGROMINGOLD-100ML,MICRONUTRIENT,125,125.00,
AGROMINGOLD-1LTR,MICRONUTRIENT,891,891.00,
AGROMINGOLD-250ML,MICRONUTRIENT,264,264.00,
AGROMINGOLD-500ML,MICRONUTRIENT,473,473.00,
AGROMINMAX-1KG,MICRONUTRIENT,336,336.00,
AGROMINMAX-500G,MICRONUTRIENT,173.5,173.50,
AGROMINMAX SOIL-5KG,MICRONUTRIENT,840,840.00,
AKSHITA-10G,SEED,148,148.00,
ALANTO-100ML,INCESTCIDE,290,290.00,
ALANTO-250ML,INCESTCIDE,664,664.00,
ALIKA-200ML,INCESTCIDE,525,525.00,
ALIKA-80ML,INCESTCIDE,230,230.00,
APROPO-250ML,FUNGICIDE,590,590.00,
ALLBOR-1KG,MICRONUTRIENT,504,504.00,
ALLBOR-250G,MICRONUTRIENT,136,136.00,
ALLBOR-500G,MICRONUTRIENT,275,275.00,
AMBITION-1L,PGR,695,695.00,
AMBITION-500ML,PGR,368,368.00,
AMBITION-250ML,PGR,205,205.00,
AMISTAR-100ML,FUNGICIDE,610,610.00,
AMISTAR-200ML,FUNGICIDE,1140,1140.00,
AMISTAR OPTI-300ML,FUNGICIDE,586.3,586.30,
AMISTAR OPTI-600ML,FUNGICIDE,1116,1116.00,
AMISTARTOP-200ML,FUNGICIDE,961,961.00,
AMNON-100G,INCESTCIDE,232,232.00,
AMNON-250G,INCESTCIDE,543,543.00,
AMNON-500G,INCESTCIDE,1058,1058.00,
AMNON-50G,INCESTCIDE,143,143.00,
AMPECT EXTRA-500ML,FUNGICIDE,1630,1630.00,
AMPLIGO-80ML,INCESTCIDE,736,736.00,
ANMOL-10G,SEED,37,37.00,
ANN BOLDER-50G,SEED,58,58.00,
DEBGIRI BOLDER-50G,SEED,65,65.00,
ANOKHI-100SDS,SEED,55,55.00,
ANTOX-250ML,MICRONUTRIENT,162,162.00,
ANTRACOL-100G,FUNGICIDE,85.5,85.50,
ANTRACOL-1KG,FUNGICIDE,595,595.00,
ANTRACOL-250G,FUNGICIDE,198,198.00,
ANTRACOL-500G,FUNGICIDE,318,318.00,
ARIES 12-61-1KG,WSF,225,225.00,
ARIES 12-61-25KG,WSF,4600,4600.00,
ARIES-13-0-45-1KG,WSF,245,245.00,
ARIES 13-0-45-25KG,WSF,5250,5250.00,
ARIES-20-20-20-25KG,WSF,3150,3150.00,
ARIES 20-20-20-1KG,WSF,175,175.00,
ARIES-52-34-1KG,WSF,340,340.00,
ARIES CALSIUM-1KG,WSF,65,65.00,
ARIES CALSIUM-25KG,WSF,1380,1380.00,
ARMOUR-1500SDS,SEED,646,646.00,
AROOSA-100SD,SEED,71,71.00,
ATRANEX-1KG,HERBICIDE,411,411.00,
BACTINASH-15G,FUNGICIDE,53,53.00,
BACTINASH-50G,FUNGICIDE,145,145.00,
BADSHA-100ML,INCESTCIDE,170,170.00,
BARAZIDE-1L,INCESTCIDE,1800,1800.00,
BARAZIDE-250ML,INCESTCIDE,488,488.00,
BARAZIDE-500ML,INCESTCIDE,900,900.00,
BARROZ-3KG,INCESTCIDE,880,880.00,
BAVISTIN-100G,FUNGICIDE,122,122.00,
BC76-2000SDS,SEED,159,159.00,
BEANS US-2,SEED,450,450.00,
BELLE-250 SDS,SEED,120,120.00,
BELT SET,OTHER,50,50.00,
BELT SET-HEAVY,OTHER,50,50.00,
BHIMA-10G,SEED,100,100.00,
BIOVITA GR-4KG,PGR,403,403.00,
BITG US-13-15-100SDS,SEED,254,254.00,
BLASIL-1L,FUNGICIDE,1286,1286.00,
BLASIL-250ML,FUNGICIDE,375,375.00,
BLASIL-400ML,INCESTCIDE,531,531.00,
BOREGAN SP-250G,FUNGICIDE,358,358.00,
BOREGAN SP-100G,INCESTCIDE,141,141.00,
BOREGAN SP-500G,INCESTCIDE,698,698.00,
BORNEO-100ML,INCESTCIDE,515,515.00,
BOROPLUS-500ML,MICRONUTRIENT,468,468.00,
BRENTZ-150ML,FUNGICIDE,416,416.00,
BREXIL-1KG,MICRONUTRIENT,892,892.00,
BREXIL-250G,MICRONUTRIENT,250,250.00,
BUMPER-100ML,FUNGICIDE,127,127.00,
BUMPER-250ML,FUNGICIDE,297,297.00,
BUONOS-250ML,FUNGICIDE,445,445.00,
CALARISH-1400ML,HERBICIDE,1450,1450.00,
CALARISH-700ML,HERBICIDE,850,850.00,
CALBIT C-1L,MICRONUTRIENT,520,520.00,
CHAMAK-250G,MICRONUTRIENT,105,105.00,
CHAMAK-500G,MICRONUTRIENT,198,198.00,
CHAMAK PLUS-250ml,MICRONUTRIENT,152,152.00,
CHAMAK PLUS-500ML,MICRONUTRIENT,285,285.00,
CHARGER,OTHER,165,165.00,
CHELAMIN-100g,MICRONUTRIENT,104,104.00,
CHELAMIN-500G,MICRONUTRIENT,495.14,495.14,
CHELAMIN-250G,MICRONUTRIENT,257,257.00,
CHELAMIN GOLD-250G,MICRONUTRIENT,262,262.00,
CHELAMINGOLD-500G,MICRONUTRIENT,514,514.00,
CHILLI-2074,SEED,258,258.00,
COCOPEAT-40KG,OTHER,850,850.00,
COMBICAL-1KG,MICRONUTRIENT,215,215.00,
COMANDO-500G,INCESTCIDE,350,350.00,
COMPO 19-19-19-1KG,WSF,287,287.00,
CROPMAX-250ML,PGR,360,360.00,
CRUISER-25G,INCESTCIDE,207,207.00,
CULTAR-50ML,PGR,255,255.00,
CURACRON-1L,INCESTCIDE,803,803.00,
CURACRON-500ML,INCESTCIDE,422,422.00,
CURACRON-250ML,INCESTCIDE,205,205.00,
CUSTODIA-100ML,FUNGICIDE,308,308.00,
CUSTODIA-250ML,FUNGICIDE,755,755.00,
CUSTODIA-500ML,FUNGICIDE,1463,1463.00,
CUSTODIA-1L,FUNGICIDE,2888,2888.00,
DANITOL-100ML,INCESTCIDE,67,67.00,
DANTOTSHU-6G,INCESTCIDE,74,74.00,
DANTOSHU-50G,INCESTCIDE,624,624.00,
DANZAPOWER-12G,PGR,49,49.00,
DAS-10G,SEED,122,122.00,
DELEGATE-100ML,INCESTCIDE,1000,1000.00,
DELTA TRAP,OTHER,132,132.00,
DEVASTO-250ML,INCESTCIDE,390,390.00,
DEVASTO-100ML,INCESTCIDE,170,170.00,
DHANYA PEAS-1KG,SEED,175,175.00,
DIPEL-1L,INCESTCIDE,937,937.00,
DIPEL250ML,INCESTCIDE,243,243.00,
DIPEL-500G,INCESTCIDE,474,474.00,
DOMITREL-350ML,HERBICIDE,273,273.00,
DOMITREL-700ML,HERBICIDE,517,517.00,
DURGABEANS-1KG,SEED,168,168.00,
EKALUX-100ML,INCESTCIDE,76,76.00,
EKALUX-1L,INCESTCIDE,659,659.00,
EKALUX-250ML,INCESTCIDE,184,184.00,
EKALUX-500ML,INCESTCIDE,350,350.00,
EVENSO-100ML,HERBICIDE,129,129.00,
EVERGOL EXTEND-40ML,FUNGICIDE,304,304.00,
EVICENT-24G,INCESTCIDE,454,454.00,
EVICENT-60G,INCESTCIDE,1678,1678.00,
FALCON-1L,PGR,634,634.00,
FALCON-500ML,PGR,325,325.00,
FANTAC PLUS-100ML,PGR,215,215.00,
FANTAC PLUS-250ML,PGR,505,505.00,
FERTISOL-1KG,MICRONUTRIENT,175,175.00,
FILIA-250ML,FUNGICIDE,432,432.00,
FILIA-500ML,FUNGICIDE,1029,1029.00,
FIRCON-100ML,INCESTCIDE,177,177.00,
FIRCON-250ML,INCESTCIDE,413,413.00,
FIRCON-500ML,INCESTCIDE,791,791.00,
FOLIOGOLD-250ML,FUNGICIDE,425,425.00,
FOLIOGOLD-500ML,FUNGICIDE,814.5,814.50,
FORTENZA DUO-32ML,INCESTCIDE,743,743.00,
GESHAM-80G,HERBICIDE,161,161.00,
GLOIT-250ML,FUNGICIDE,495,495.00,
GLOIT-500ML,FUNGICIDE,963,963.00,
GREEN BOOSTER-1KG,PGR,310,310.00,
HARRIER-100G,INCESTCIDE,148,148.00,
HARRIER-250G,INCESTCIDE,294,294.00,
HARU-250G,FUNGICIDE,171,171.00,
HARU-500G,FUNGICIDE,300,300.00,
HOSERA EXCEL-1L,FUNGICIDE,5376,5376.00,
HOSERA EXCEL-250ML,FUNGICIDE,1393,1393.00,
HOSHIULTRA-250ML,PGR,161,161.00,
HOSI ULTRA-500ML,PGR,303,303.00,
HUMICIL G-10KG,PGR,1000,1000.00,
HYRO G-4KG,PGR,515,515.00,
HYRO MY-4KG,PGR,537,537.00,
HYRO PLUS-1LTR,PGR,764,764.00,
IMPERIAL-250ML,INCESTCIDE,261,261.00,
IMPERIAL-500ML,INCESTCIDE,506,506.00,
INFRAME-100ML,INCESTCIDE,185,185.00,
INFRAME-250ML,INCESTCIDE,600,600.00,
INFRAME-500ML,INCESTCIDE,862,862.00,
ISABION-250ML,PGR,280,280.00,
ISABION-500ML,PGR,595.45,595.45,
JIKA-50ML,PGR,211,211.00,
JIO-100ML,INCESTCIDE,125,125.00,
JIO-250ML,INCESTCIDE,310,310.00,
JIVRAS-1L,PGR,530,530.00,
JIVRAS-250ML,PGR,140,140.00,
JIVRAS-500ML,PGR,275,275.00,
JK 8031-10G,SEED,120,120.00,
JK DESI-10G,SEED,210,210.00,
JUMP-2G,INCESTCIDE,36.71,36.71,
JUMP-20G,INCESTCIDE,367,367.00,
KARATE-250ML,INCESTCIDE,151,151.00,
KARATE-500ML,INCESTCIDE,292,292.00,
KAVACH-250G,FUNGICIDE,377,377.00,
KEEFON-100ML,INCESTCIDE,285,285.00,
KENDALROOT-1L,PGR,1050,1050.00,
KISAN BOLDER-50G,SEED,60,60.00,
KMS-1KG,WSF,208,208.00,
KOCIDE-500G,FUNGICIDE,828,828.00,
KOCIDE-250G,FUNGICIDE,474,474.00,
KPHONIC-500G,FUNGICIDE,420,420.00,
KRANTI-100ML,PGR,95,95.00,
KRANTI-1L,PGR,720,720.00,
KRANTI-250ML,PGR,217.61,217.61,
KRANTI-500ML,PGR,410,410.00,
LAUDIS-115ML,HERBICIDE,1226,1226.00,
LORWAN-100ML,INCESTCIDE,150,150.00,
LUNA-100ML,FUNGICIDE,558,558.00,
LUNA-1L,FUNGICIDE,5470,5470.00,
LUNA-250ML,FUNGICIDE,1399,1399.00,
LURE FOR CUCURBIT,OTHER,62,62.00,
MULTIPLEX MAGNESIUM SULPHATE-25KG,WSF,980,980.00,
MAHAZINC-1KG,MICRONUTRIENT,70,70.00,
MAINCOP-500G,FUNGICIDE,369,369.00,
MALLIKA-50G,SEED,390,390.00,
MASTER-20-20-20-10KG,WSF,1630,1630.00,
MASTER-20-20-20-25KG,WSF,3940,3940.00,
MATADOR-1L,INCESTCIDE,780,780.00,
MATADOR250ML,INCESTCIDE,210,210.00,
MATADOR-500ML,INCESTCIDE,406,406.00,
MC EXTRA-250G,MICRONUTRIENT,602,602.00,
MC EXTRA-500G,MICRONUTRIENT,1116,1116.00,
MC SET-1L,MICRONUTRIENT,850,850.00,
MC SET-500ML,MICRONUTRIENT,453,453.00,
MEGAFOL-1L,MICRONUTRIENT,897,897.00,
MELODY DUO-100G,FUNGICIDE,226,226.00,
MELODY DUO-400G,FUNGICIDE,874,874.00,
MEOTHRIN-250ML,INCESTCIDE,300,300.00,
MERIVON-80ML,FUNGICIDE,834,834.00,
MINCHUUPLUS-250ML,INCESTCIDE,310,310.00,
MIRACULAN-250ML,PGR,111,111.00,
MIRADOR-100ML,FUNGICIDE,453.5,453.50,
MIRADOR-15ML,FUNGICIDE,80,80.00,
MIRADOR-200ML,FUNGICIDE,887,887.00,
MIRADOR-500ML,FUNGICIDE,2140,2140.00,
MIRADOR-50ML,FUNGICIDE,235,235.00,
MOBOMIN-250G,MICRONUTRIENT,233,233.00,
MOLYBDENUM-100G,MICRONUTRIENT,640,640.00,
MOVENTO-100ML,INCESTCIDE,328,328.00,
MULCHING SHEET BLUE LABEL,OTHER,1780,1780.00,
MULCHING SHEET RED LABEL,OTHER,2014,2014.00,
MULTIMAG-1KG,WSF,59,59.00,
MULTIMAX-1KG,MICRONUTRIENT,342,342.00,
MULTIMAX-500G,MICRONUTRIENT,179,179.00,
MULTINEEM-1L,INCESTCIDE,383,383.00,
MULTINEEM-500ML,INCESTCIDE,201,201.00,
MULTINEMOR-1L,INCESTCIDE,550,550.00,
MYNDEVA-150ML,FUNGICIDE,411,411.00,
NAGASTHA-100ML,ACTIVATOR,74,74.00,
NAGASTHA-250ML,ACTIVATOR,158,158.00,
NAGASTHA-500ML,ACTIVATOR,301,301.00,
NARKIS-100ML,HERBICIDE,315,315.00,
NATUREDEEP-100G,PGR,440,440.00,
NAVJIBAN-5KG,PGR,271,271.00,
NEIL-3000SDS,SEED,464,464.00,
NISARG-100ML,FUNGICIDE,51,51.00,
NISARG-250ML,FUNGICIDE,106,106.00,
NS-620,SEED,75,75.00,
NUTRON-100G,INCESTCIDE,250,250.00,
OBERON-100ML,INCESTCIDE,486,486.00,
OBERON-200ML,INCESTCIDE,960,960.00,
OKRA-517,SEED,436,436.00,
OKRA SAMRAT-1400SDS,SEED,325,325.00,
OKRA SINGHAM-1400SDS,SEED,367,367.00,
OKRA SIVANSH-1400SDS,SEED,545,545.00,
OPIFOL-1KG,MICRONUTRIENT,262,262.00,
ORIUS-100ML,FUNGICIDE,188,188.00,
ORIUS-250ML,FUNGICIDE,429,429.00,
PARANEX-1L,HERBICIDE,424,424.00,
PARANEX-500ML,HERBICIDE,221.5,221.50,
PARUL-10G,SEED,145,145.00,
PEGASUS-250G,INCESTCIDE,846,846.00,
PEGASUS-25G,INCESTCIDE,89,89.00,
PEGASUS-500G,INCESTCIDE,1625,1625.00,
PLANOFIX-100MI,PGR,85,85.00,
PLANTAFOL-10-54-10-5KG,WSF,2722,2722.00,
PLANTAFOL-20-20-20-1KG,WSF,450,450.00,
PLANTAFOL-5-15-45-1KG,WSF,408,408.00,
PLANTOMYCIN-100G,ANTIBIOTICS,132,132.00,
PLANTOMYCIN-15G,ANTIBIOTICS,25,25.00,
PLANTOMYCIN-250G,ANTIBIOTICS,290,290.00,
PLANTOMYCIN-50G,ANTIBIOTICS,64,64.00,
PLETHORA-350ML,INCESTCIDE,930,930.00,
PLETHORA-100ML,INCESTCIDE,262,262.00,
PLETHORA-1L,INCESTCIDE,2442,2442.00,
PLETHORA-500ML,INCESTCIDE,1265,1265.00,
POISAG-25G,SEED,25,25.00,
POLOZAAP-500ML,INCESTCIDE,1490,1490.00,
POLYTRIN C-250ML,INCESTCIDE,202,202.00,
POLYTRIN C-1L,INCESTCIDE,744,744.00,
POLYTRIN C-500ML,INCESTCIDE,385,385.00,
PRAMUKH-19-19-19-1KG,WSF,284,284.00,
PROFIGAN PLUS-100ML,INCESTCIDE,89,89.00,
FROFIGAN PLUS-1L,INCESTCIDE,760,760.00,
PROFIGAN PLUS-250ML,INCESTCIDE,208.57,208.57,
PROFIGAN PLUS-500ML,INCESTCIDE,393,393.00,
PROGIB EASY-2.5G,PGR,58,58.00,
PROKISAN-250G,MICRONUTRIENT,0,0.00,
PULSAR-150ML,FUNGICIDE,468,468.00,
PUMMY-100G,SEED,80,80.00,
RAMA-50G,SEED,460,460.00,
REDIFARM-500ML,SEED,765,765.00,
QUANTIS-400ML,PGR,305,305.00,
QUANTIS-1L,PGR,702,702.00,
RACER-100SDS,SEED,218,218.00,
RAJAT HD-25ML,ANTIBIOTICS,314,314.00,
RAMA-40SDS,SEED,65,65.00,
REDSTAR-1000SDS,SEED,567,567.00,
REGENT SC-100ML,INCESTCIDE,144,144.00,
REGENT SC-250ML,INCESTCIDE,334,334.00,
REGENT ULTRA-4KG,INCESTCIDE,781,781.00,
REGULATOR,OTHER,60,60.00,
REHAN-1000SDS,SEED,1348,1348.00,
REPIVOX-1L,HERBICIDE,1160,1160.00,
REVUS-160ML,FUNGICIDE,912,912.00,
RIDOMIN-500G,FUNGICIDE,833,833.00,
RK DESI-10G,SEED,160,160.00,
YORO-40G,INCESTCIDE,363,363.00,
RUSAN-100SDS,SEED,280,280.00,
SAFEROOT-500G,FUNGICIDE,127,127.00,
SAMBHRAMA-5G,MICRONUTRIENT,42,42.00,
SAMRAS-100ML,PGR,68,68.00,
SAMRAS-250ML,PGR,150,150.00,
SATABDI COWPEA-100G,SEED,170,170.00,
SHAMIR-250ML,FUNGICIDE,303,303.00,
SHAMIR-500ML,FUNGICIDE,560,560.00,
SHOOTER-100ML,INCESTCIDE,220,220.00,
SOLOMON-100ML,INCESTCIDE,303.5,303.50,
SOLOMON-250ML,INCESTCIDE,529,529.00,
SOLOMON-500ML,INCESTCIDE,950,950.00,
SPARSH-100ML,FUNGICIDE,51,51.00,
SPARSH-250ML,FUNGICIDE,106,106.00,
SPRAYER-12AH-16L,OTHER,2100,2100.00,
SPRAYER MOTOR,OTHER,220,220.00,
SUMIPLEO-250ML,INCESTCIDE,529,529.00,
SUMIPREMPT-1L,INCESTCIDE,1535,1535.00,
SUMIPREMPT-250ML,INCESTCIDE,397,397.00,
SUMIPREMPT-500ML,INCESTCIDE,780,780.00,
SUMITAJ-100G,INCESTCIDE,136,136.00,
SUMITAZ-250G,INCESTCIDE,332,332.00,
SUPER YODHA-250ML,INCESTCIDE,460,460.00,
GLOSSY-10G,SEED,210,210.00,
TABOLI-100ML,PGR,880,880.00,
TABOLI-30ML,PGR,275,275.00,
TAFGOR-250ML,INCESTCIDE,190,190.00,
TAKAF-100ML,INCESTCIDE,263,263.00,
TAKAF-1L,INCESTCIDE,2403,2403.00,
TAKAF-250ML,INCESTCIDE,620,620.00,
TAKAF-500ML,INCESTCIDE,1215,1215.00,
TALIAH-100ML,INCESTCIDE,130,130.00,
TOMATO ARYA-3000SDS,SEED,430,430.00,
TOMATO LAXMI-3000SDS,SEED,411,411.00,
TOMATO VANI-10G,SEED,270,270.00,
TOPMAST-100G,FUNGICIDE,98,98.00,
TOPMAST-250G,FUNGICIDE,230,230.00,
TOPMAST-500G,FUNGICIDE,446,446.00,
TOTAL-100ML,MICRONUTRIENT,126,126.00,
TOTAL-250ML,MICRONUTRIENT,220,220.00,
TOTAL-500ML,MICRONUTRIENT,415,415.00,
TRACEMIN-5KG,MICRONUTRIENT,220,220.00,
VELUM PRIME-250ML,FUNGICIDE,1860,1860.00,
VIRTAKO-2.5KG,INCESTCIDE,835,835.00,
VIVA-1L,MICRONUTRIENT,690,690.00,
KASHIKANCHAN-500G,SEED,262,262.00,
VOLIAM FLEXI-100ML,INCESTCIDE,743,743.00,
VOLIAM TARGO-250ML,INCESTCIDE,1980,1980.00,
YODHA-100G,INCESTCIDE,220,220.00,
YODHA-250G,INCESTCIDE,523,523.00,
ZAMIR-100ML,FUNGICIDE,188,188.00,
ZAMIR-400ML,FUNGICIDE,695,695.00,
ZINC VALAGRO-250G,MICRONUTRIENT,230,230.00,
HAPPY-10G,SEED,542,542.00,
CABBAGE SONY-10G,SEED,190,190.00,
ARYA PUMPKIN-10G,SEED,85,85.00,
VIJETA-500G,SEED,0,0.00,
GUAR MANSI-100G,SEED,48,48.00,
VESTICOR-60ML,SEED,648,648.00,
KASHIKANCHAN-100G,SEED,58,58.00,
SEFINA-1L,INCESTCIDE,2200,2200.00,
WELVART OKRA-100G,SEED,300,300.00,
SPINTOP-10G,SEED,193,193.00,
GAJA -10G,SEED,70,70.00,
OKRA SONAKSHI-1400SDS,SEED,90,90.00,
SEFINA-400ML,INCESTCIDE,1140,1140.00,
CFL 6099-2000SDS,SEED,490,490.00,
BRAS LANCE,OTHER,0,0.00,
COMBI-2-1KG,MICRONUTRIENT,1265,1265.00,
CABRIOTOP-50G,FUNGICIDE,120,120.00,
GOVERNOR-50ML,INCESTCIDE,200,200.00,
BATTRY-8AH,OTHER,640,640.00,
BATTRY-12AH,OTHER,1000,1000.00,
THAIONUTRI-500G,FUNGICIDE,80,80.00,
SAG-1KG,SEED,300,300.00,
AROOSA-50SD,SEED,31.05,31.05,
AUGUSTA-50G,SEED,863,863.00,
TRISHUL-100G,INCESTCIDE,125,125.00,
LITTLE CHAMP-50G,SEED,880,880.00,
RADISH SPEED-100G,SEED,55,55.00,
TYCHI-100ML,INCESTCIDE,350,350.00,
LIBREL-500G,MICRONUTRIENT,373,373.00,
EAGEL-10G,SEED,590,590.00,
magister-500ml,INCESTCIDE,0,0.00,
SEMPRA-2.5G,HERBICIDE,200,200.00,
TRAY-98,OTHER,17,17.00,
CABMAG-1LTR,MICRONUTRIENT,600,600.00,
MIRACULAN-100ML,PGR,46,46.00,
TRACER-75ML,INCESTCIDE,1645,1645.00,
GALILEO WAY-400ML,FUNGICIDE,771,771.00,
ROUNDUP-1L,HERBICIDE,620,620.00,
ALIETTE-100G,FUNGICIDE,318,318.00,
INTREPID-300ML,INCESTCIDE,1025,1025.00,
PUMPKIN-4007,SEED,40,40.00,
NATIVO-50G,FUNGICIDE,300,300.00,
NPK-0-0-50-25kg,WSF,2470,2470.00,
MOP-50KG,WSF,1900,1900.00,
NPK-19-19-19-25KG,WSF,3350,3350.00,
ZITRLON-1KG,MICRONUTRIENT,655,655.00,
ABM-1L,INCESTCIDE,760,760.00,
ACTARA-1KG,INCESTCIDE,1715,1715.00,
LITTLE CHAMP-10G,SEED,182,182.00,
GRAMOXAN-500ML,HERBICIDE,198,198.00,
CELFOS-1KG,INCESTCIDE,1200,1200.00,
CFL-1522-2000SDS,SEED,549,549.00,
TRAY-221 CAV,OTHER,20,20.00,
JK 8035-10g,SEED,110,110.00,
BARROZ-1KG,INCESTCIDE,330,330.00,
NPK-12-61-25KG,WSF,4220,4220.00,
NPK 52-34-25KG,WSF,4550,4550.00,
NPK-13-0-45-25KG,WSF,2800,2800.00,
ZAMPRO-1L,FUNGICIDE,3400,3400.00,
ACRISIO-100ML,FUNGICIDE,870,870.00,
BELT EXPERRT-100ML,INCESTCIDE,735,735.00,
ULALA-30G,INCESTCIDE,265,265.00,
COMPO HYDROSPEED-1KG,WSF,130,130.00,
RAMBO-100ML,INCESTCIDE,195,195.00,
RAMBO-200ML,INCESTCIDE,365,365.00,
AMMECTO-250G,INCESTCIDE,290,290.00,
AMMECTO-100G,INCESTCIDE,125,125.00,
YB-7-500G,SEED,518,518.00,
30-10-10-1KG,WSF,475,475.00,
BENEVIA-240ML,INCESTCIDE,1756,1756.00,
ACTARA-100G,INCESTCIDE,187,187.00,
CALBOR-5KG,MICRONUTRIENT,230,230.00,
BENEVIA-180ML,INCESTCIDE,1345,1345.00,
KEEFON-250ML,INCESTCIDE,682,682.00,
SNAKE GOURD-10G,SEED,0,0.00,
KAVACH FLO-400ML,FUNGICIDE,603,603.00,
COHIGAN STRONG,INCESTCIDE,550,550.00,
STICKY TRAP,OTHER,22,22.00,
MULTINEMOR-250ML,INCESTCIDE,160,160.00,
ALTOS STICKER-500ML,OTHER,0,0.00,
VALIDA-500ML,FUNGICIDE,246,246.00,
COCOPEAT-5KG,OTHER,200,200.00,
TRAY-126 CELL,OTHER,10.5,10.50,
CURACRON-100ML,INCESTCIDE,85,85.00,
RIDOMIL GOLD-100G,FUNGICIDE,178,178.00,
GRAMOXAN-1LTR,HERBICIDE,385,385.00,
TRAY-209CELL,OTHER,11.5,11.50,
SNAILKILL-1KG,INCESTCIDE,1000,1000.00,
ATABRON-500ML,INCESTCIDE,530,530.00,
NATIVO-1KG,FUNGICIDE,5925,5925.00,
VERMICOMPOST-1KG,OTHER,20,20.00,
NS-43-10G,SEED,255,255.00,
SPRAYER SHIVAM 02,SPRAYER,2550,2550.00,
ALGAE-1L,PGR,950,950.00,
SAAF-250G,FUNGICIDE,182,182.00,
SAAF-500G,FUNGICIDE,346,346.00,
CUPROFIX-1KG,INCESTCIDE,830,830.00,
MACARENA-250ML,PGR,319,319.00,
TAFGOR-1L,INCESTCIDE,645,645.00,
LIHOCIN-100ML,PGR,110,110.00,
FOLIO GOLD-100ML,FUNGICIDE,169,169.00,
BHAVANI CF-10G,SEED,80,80.00,
JUMP-40G,INCESTCIDE,703,703.00,
GALILEOSENSA-400ML,FUNGICIDE,862,862.00,
BARAZIDE-100ML,INCESTCIDE,205,205.00,
ISABION-100ML,PGR,116,116.00,
BIOVITA-1L,PGR,654,654.00,
DAWN-10G,SEED,375,375.00,
CF-4051-10G,SEED,370,370.00,
COMPO 13-40-13-25KG,WSF,7900,7900.00,
ADAPHON-100ML,PGR,107,107.00,
REDIFARM-250ML,PGR,441,441.00,
KELP-1L,PGR,1008,1008.00,
DURATEC TOP 14-1KG,WSF,265,265.00,
COMPO 13-40-10-1KG,WSF,327,327.00,
KRISHNA CHILLI-10G,SEED,420,420.00,
BENIFIT PZ-500ML,PGR,1185,1185.00,
AGIL-500ML,HERBICIDE,943,943.00,
TRAY-221 CELL-.8MM,OTHER,22.5,22.50,
DELEGATE-180ML,INCESTCIDE,1680,1680.00,
PUMPKIN-9511-10G,SEED,65,65.00,
KALASONA-1KG,PGR,265,265.00,
SPRAYER DM,OTHER,2450,2450.00,
ALLBOR PLUS-250G,MICRONUTRIENT,160,160.00,
CABRIOTOP-600G,FUNGICIDE,1065,1065.00,
CRIUISER FS-50ML,INCESTCIDE,77,77.00,
BASFOLIAR K40-1KG,WSF,645,645.00,
ROGOR-1L,INCESTCIDE,585,585.00,
HOSHI ULTRA-1LL,PGR,590,590.00,
KYI850-10G,SEED,43,43.00,
KNON U PRAGATI-10G,SEED,175,175.00,
PUMPKIN AADI-10G,SEED,105,105.00,
CALDON-250G,INCESTCIDE,380,380.00,
APROPO-500ML,FUNGICIDE,996,996.00,
RACER-500SD,SEED,1000,1000.00,
FOLIOGOLD-1L,FUNGICIDE,1585,1585.00,
saho tomato-10g,SEED,935,935.00,
KEEFON-500ML,INCESTCIDE,1335,1335.00,
WETCIT-250ML,OTHER,360,360.00,
SATHI-80G,HERBICIDE,178.33,178.33,
WETCIT-100ML,ACTIVATOR,0,0.00,
KAUSHAL TOMATO-10G,SEED,415,415.00,
SARTHAK-250G,FUNGICIDE,730,730.00,
COPPER SULFATE-1KG,FUNGICIDE,270,270.00,
TAGMYCIN-6G,ANTIBIOTICS,23,23.00,
COSAMIL-500G,FUNGICIDE,65,65.00,
HASTAR-115ML,HERBICIDE,1220,1220.00,
ATRANEX-500G,HERBICIDE,248,248.00,
BLUE COPPER-500G,FUNGICIDE,355,355.00,
FOOST-250G,HERBICIDE,102,102.00,
FOOST-500G,HERBICIDE,220,220.00,
IMPERIAL-100ML,INCESTCIDE,0,0.00,
CALDAN-250G,INCESTCIDE,380,380.00,
TAPUZ-100G,INCESTCIDE,93,93.00,
KNOLKHOL JUMBO-10G,FUNGICIDE,135,135.00,
LAUDIS-230ML,HERBICIDE,2360,2360.00,
SOLUBOR-250G,MICRONUTRIENT,105,105.00,
WETCIT-500ML,ACTIVATOR,677,677.00,
CORRIENDER-30DAYS,SEED,540,540.00,
KYI-146-10G,SEED,530,530.00,
TARBUT-250ML,INCESTCIDE,549,549.00,
LIBREL-100G,MICRONUTRIENT,90,90.00,
SIKHAR-1400SDS,SEED,100,100.00,
HITEC MULCH-21MIC,OTHER,1450,1450.00,
RIDOMIL-1KG,FUNGICIDE,1345,1345.00,
ASATAF-500G,INCESTCIDE,450,450.00,
ASATAF-1KG,INCESTCIDE,855,855.00,
CABRIOTOP-300G,FUNGICIDE,570,570.00,
NARKIS-50ML,HERBICIDE,170,170.00,
WIREZER-8G,HERBICIDE,29,29.00,
WONDERBALL-10G,SEED,225,225.00,
AMRUTA-10G,SEED,200,200.00,
AARTI-10G,SEED,96,96.00,
RK-186-10G,SEED,40,40.00,
AGIL-1L,HERBICIDE,1860,1860.00,
ARIES 0-0-50-1kg,WSF,165,165.00,
SEMPRA-36G,HERBICIDE,1165,1165.00,
D-1-75ML,INCESTCIDE,445,445.00,
SUMINARA-1L,HERBICIDE,745,745.00,
COMMANDO-500G,INCESTCIDE,350,350.00,
KAISER-100ML,INCESTCIDE,220,220.00,
SNOWPRARL-7008-2000SD,SEED,307,307.00,
ROYAL BALL-2000SD,SEED,240,240.00,
COMBI-2-500G,MICRONUTRIENT,650,650.00,
FOLICUR-500ML,FUNGICIDE,1233,1233.00,
TILT-500ML,FUNGICIDE,630,630.00,
WHITE TREASURE-10G,SEED,342,342.00,
HORCH-1400ML,HERBICIDE,1519,1519.00,
OPERA-900ML,FUNGICIDE,1715,1715.00,
RIDOMIL-50G,FUNGICIDE,68,68.00,
NOMINEE GOLD-200ML,HERBICIDE,710,710.00,
NOMINEE GOLD-100ML,HERBICIDE,400,400.00,
TILT-250ML,FUNGICIDE,335,335.00,
FOLICUR-250ML,FUNGICIDE,632,632.00,
FUJIYAMA-10G,SEED,416,416.00,
BLUEJAYS-10G,SEED,174,174.00,
INDAM KNOLKHOL-250G,SEED,288,288.00,
JK VRISTI-10G,SEED,370,370.00,
PROFEX SUPER-1L,INCESTCIDE,675,675.00,
PROFEX SUPER-500ML,INCESTCIDE,355,355.00,
FANTAC PLUS-500ML,PGR,995,995.00,
SUMINARA-500ML,HERBICIDE,385,385.00,
WHITE CRYSTAL-10G,SEED,340,340.00,
MILLENIUM,SEED,160,160.00,
WHITE MARBEL-10G,SEED,440,440.00,
HARUNA-10G,SEED,60,60.00,
COMPO FERROS-500ML,MICRONUTRIENT,480,480.00,
KOCIDE-1KG,FUNGICIDE,1596,1596.00,
ROGOR-500ML,INCESTCIDE,310,310.00,
GREEN EXPRESS-10G,SEED,177,177.00,
ROYAL CROSS-10G,SEED,220,220.00,
RADISH GEETA-100G,SEED,90,90.00,
ROGOR-250ML,INCESTCIDE,165.5,165.50,
COUNCIL ACTIVE-90G,HERBICIDE,1017,1017.00,
ALLBOR PLUS-500G,MICRONUTRIENT,307,307.00,
TATA BAHAR-500ML,PGR,250,250.00,
AUDIENZ-500G,INCESTCIDE,1420,1420.00,
CHESS-120G,INCESTCIDE,555,555.00,
NATIVO-500G,FUNGICIDE,3150,3150.00,
BIOVITA-500ML,PGR,337,337.00,
SRUSTI ZINC-5KG,MICRONUTRIENT,375,375.00,
EM-1-500G,INCESTCIDE,950,950.00,
PRAHAR-10G,SEED,374,374.00,
SHAKED-400ML,HERBICIDE,478,478.00,
MULTIPLEX COCOPEAT-5KG,OTHER,185,185.00,
NS-555-10G,SEED,420,420.00,
RAPIDON-10G,SEED,190,190.00,
NS-60-10G,SEED,310,310.00,
NS BROCOLI-10G,SEED,580,580.00,
NS-9527-10G,SEED,38,38.00,
TARBUT-100ML,INCESTCIDE,232,232.00,
NS 183-10G,SEED,200,200.00,
SIRKANA-2500SDS,SEED,78,78.00,
BRILIANCE-2500SDS,SEED,95,95.00,
XELORA-30ML,FUNGICIDE,95,95.00,
XELORA-400ML,FUNGICIDE,1220,1220.00,
DOUBLE-250ML,PGR,645,645.00,
13-40-13-25kg,WSF,0,0.00,
PREMAIN SUPER-1L,INCESTCIDE,842,842.00,
FARHA-10G,SEED,35,35.00,
TAPUZ-250G,INCESTCIDE,228,228.00,
FLAMEBERG-100ML,PGR,111,111.00,
SUMIMAX-10ML,HERBICIDE,91,91.00,
NANDINI RIDG-10G,SEED,55,55.00,
BEANS ROSHNI-500G,SEED,160,160.00,
BLASTOGAN-120G,FUNGICIDE,200,200.00,
ANN BEANS-500G,SEED,94,94.00,
ANN BEANS-1KG,SEED,187,187.00,
CFL-7132-2000SDS,SEED,410,410.00,
DHANIA-500G,SEED,135,135.00,
MARSHAL-500ML,INCESTCIDE,580,580.00,
VIPUL-250ML,PGR,92,92.00,
RAINBO BEANS-500G,SEED,330,330.00,
BEANS ANUP-1kg,SEED,170,170.00,
MORALEDA-500G,SEED,910,910.00,
GEETA-50G,SEED,45,45.00,
ANGAD-10G,SEED,185,185.00,
MIRADOR-1L,FUNGICIDE,4267,4267.00,
DURGA BEANS TIN-500G,SEED,120,120.00,
HUNTER-100G,INCESTCIDE,360,360.00,
TOMATO-9006-10G,SEED,270,270.00,
FLAMEBERG-500ML,PGR,473,473.00,
SOLOMON-1LTR,INCESTCIDE,1815,1815.00,
WEEDBLOCK-250ML,HERBICIDE,346,346.00,
QUIT-5LTR,HERBICIDE,1530,1530.00,
DURGA ONION-500G,SEED,155,155.00,
GALILEO SENSA-1LTR,FUNGICIDE,1615,1615.00,
DISHA CF-10G,SEED,462,462.00,
PARANEX-5L,HERBICIDE,1935.2,1935.20,
COMPO-14-48-1kg,WSF,415,415.00,
ASHOKA PEAS-1KG,SEED,256,256.00,
CAPCADIS-250G,INCESTCIDE,500,500.00,
suraj jiya-50g,SEED,0,0.00,
ALGAE-500ML,PGR,515,515.00,
CORAGEN-60ML,INCESTCIDE,733,733.00,
HARU-1KG,FUNGICIDE,565,565.00,
SUHASINI PL-10G,SEED,405,405.00,
REGAL WHITE-10G,SEED,525,525.00,
VERIZON LF-100ML,INCESTCIDE,490,490.00,
UTHANE M-45-1KG,FUNGICIDE,352,352.00,
INDOFIL M45-500G,FUNGICIDE,200,200.00,
ARIES -20-20-20-400G HD,WSF,290,290.00,
NAGASTHA-1L,ACTIVATOR,586,586.00,
COMPO-19-19-19-25kg,SEED,6900,6900.00,
BRILLIANCE-100000SDS,SEED,3400,3400.00,
CURZATE-300G,FUNGICIDE,460,460.00,
MARSHAL-1L,INCESTCIDE,1045,1045.00,
MULTINEMOR-500ML,INCESTCIDE,330,330.00,
CROPGARD,OTHER,750,750.00,
EQUATION PRO-100ML,FUNGICIDE,502,502.00,
ASHOKA CORRINDER-500G,SEED,120,120.00,
ONION AMBIKA-500G,SEED,195,195.00,
SUMITAZ-100G,INCESTCIDE,138,138.00,
CANON-250ML,INCESTCIDE,190,190.00,
CANON-500ML,INCESTCIDE,350,350.00,
CUPROFIX-500G,FUNGICIDE,352,352.00,
PRITHIBI-25KG,OTHER,485,485.00,
INDAM PEAS-1KG,SEED,230,230.00,
SOLUBE-21-5KG,WSF,850,850.00,
HORTICAB-250ML,PGR,157,157.00,
RADIS PALAK PATA-50G,SEED,22,22.00,
HYDROSPEED-25KG,WSF,2980,2980.00,
COMPO 14-48-25KG,WSF,9290,9290.00,
COMBI-2-250G,MICRONUTRIENT,330,330.00,
RADISH PALAK PATTA-50G,SEED,20,20.00,
DISA CB-10G,SEED,157,157.00,
UNIQUAT-500ML,HERBICIDE,202,202.00,
TOKITA PEAS-1KG,SEED,253,253.00,
PILATUS-500ML,PGR,466,466.00,
SOLUBE-21-25KG,WSF,4000,4000.00,
MAGNNESIUM NITRATE-25KG,WSF,2320,2320.00,
SPOORTHY-1400SDS,SEED,350,350.00,
52-34-HD-400G,WSF,377,377.00,
PYCLOME-500ML,INCESTCIDE,790,790.00,
DISECT-500ML,INCESTCIDE,490,490.00,
DISECT-250ML,INCESTCIDE,256,256.00,
UJWALA ONION-250G,SEED,90,90.00,
SYNGENTA PEAS-1KG,SEED,290,290.00,
ROCKET-500ML,INCESTCIDE,406.25,406.25,
FOSMITE-500ML,INCESTCIDE,394,394.00,
VALIDA-250ML,ANTIBIOTICS,116,116.00,
MPNOSIL-2520ML,INCESTCIDE,154,154.00,
MONOSIL-250ML,INCESTCIDE,154,154.00,
RAPID BITG-100SDS,SEED,220,220.00,
ELECTRON-400ML,INCESTCIDE,795,795.00,
TR MULCH 4FT,OTHER,2250,2250.00,
PHOSPHORIC ACID-1KG,OTHER,176,176.00,
BROFREYA-25ML,INCESTCIDE,769,769.00,
SECTIN-100G,FUNGICIDE,405,405.00,
BITG6207-100SDS,SEED,233,233.00,
INDEX-250G,FUNGICIDE,385,385.00,
MAHADHAN 19-19-19-25KG,WSF,3200,3200.00,
MEDIA-100ML,INCESTCIDE,160,160.00,
VISMA-120G,FUNGICIDE,522,522.00,
MAXIMA-5G,INCESTCIDE,9,9.00,
DEFENSA-550G,FUNGICIDE,612,612.00,
HORTICAB-500ML,MICRONUTRIENT,280,280.00,
13-0-45-HD-400G,WSF,246,246.00,
SILWET GOLD-100ML,ACTIVATOR,166,166.00,
MARIGOLD-100SDS,SEED,155,155.00,
CORRIENDER AFA-5-2KG,SEED,775,775.00,
MADHURI-10G,SEED,385,385.00,
GREEN CHAMP-10G,SEED,99.2,99.20,
BITG 13-15-250SDS,SEED,583,583.00,
SARVOTTAM-1400SDS,SEED,357,357.00,
VAYEGO-100ML,INCESTCIDE,1005,1005.00,
BRILLIANCE-2500SDS,SEED,82,82.00,
ACTIVWAVE-1LTR,PGR,956,956.00,
TR MULCHING-25MIC,OTHER,2650,2650.00,
BAVISTIN-250G,FUNGICIDE,265,265.00,
MEGAFOL-250ML,MICRONUTRIENT,273,273.00,
RATOL-100G,INCESTCIDE,78,78.00,
NUPUR-10G,SEED,425,425.00,
MARSHAL-250ML,INCESTCIDE,290,290.00,
LIHOSIN-250ML,PGR,323,323.00,
KORIA KIMG-100G,SEED,150,150.00,
FOSMITE-250ML,INCESTCIDE,206,206.00,
AMISTAR TOP-500ML,FUNGICIDE,1898,1898.00,
GLYCEL-1L,HERBICIDE,610,610.00,
AMMECTO-500G,INCESTCIDE,600,600.00,
ZARA-10G,SEED,230,230.00,
DKC 9081,SEED,1620,1620.00,
JUMP-100G,INCESTCIDE,1715,1715.00,
AMISTARTOP-1L,FUNGICIDE,3565,3565.00,
TOMATO 9003-10G,SEED,370,370.00,
CLUTCH,OTHER,60,60.00,
BRASS NOZEL-1HOLE,OTHER,27,27.00,
MALINI-10G,SEED,185,185.00,
SCORE-50ML,FUNGICIDE,238,238.00,
FENOS QUICK-100ML,INCESTCIDE,320.25,320.25,
CONFIDOR-50ML,INCESTCIDE,168,168.00,
SPIKA-100ML,INCESTCIDE,280,280.00,
LAFA -YL-35-100G,SEED,98,98.00,
ZOHAR-250ML,INCESTCIDE,350,350.00,
YARALIVA-25KG,WSF,0,0.00,
HUMESOL-500ML,PGR,364,364.00,
HUMESOL-1LTR,PGR,685,685.00,
CFL 6099-2000SDS*10PKT,SEED,4900,4900.00,
BIOSTROM-250ML,INCESTCIDE,280,280.00,
VNR-VBH-11-100G,SEED,340,340.00,
BIOVITA-250ML,PGR,174,174.00,
DHANZYMEGOLD GR-5KG,PGR,490,490.00,
AVANCERGLO-300G,FUNGICIDE,501,501.00,
BENEVIA-360ML,INCESTCIDE,2785,2785.00,
PI BROFREYA-50ML,INCESTCIDE,1520,1520.00,
NATIVO-10G,FUNGICIDE,98,98.00,
MELODY-400G,FUNGICIDE,957,957.00,
OBERON-500ML,INCESTCIDE,2360,2360.00,
ABM-500ML,INCESTCIDE,425,425.00,
ROCKET-1LTR,INCESTCIDE,741,741.00,
ROCKET-100ML,INCESTCIDE,92,92.00,
TALATE-1LTR,PGR,682,682.00,
INFINITO-500ML,FUNGICIDE,1011,1011.00,
MOVENTO OD,INCESTCIDE,936,936.00,
BIODOSE-100ML,INCESTCIDE,320,320.00,
ACTARA-500G,INCESTCIDE,935,935.00,
